sequence,target,augmented
GAGFGED,1.1362802418336209,0
BFEGBFC,2.0159533174292785,0
EAFDCAB,-0.8229345348275348,0
EBAFGAC,-0.1566161081035019,0
EDFFFAC,-2.4271173052272017,0
CAFFDAG,0.1799762065192403,0
CDDAAEB,-0.9115169567279847,0
GDDGCFF,-0.09063852500460512,0
DFEAAFA,0.46248395291301203,0
FEBAEDG,1.4776508305658371,0
FFGBBGF,-0.21047493362380565,0
FGAFCAB,-0.24159518403685276,0
CFACGGB,2.3379363120258203,0
EFFFCDB,-1.62447287476295,0
FFBEDAA,-0.39630271058320976,0
GEACBAD,0.9370576826329792,0
GCBFCCB,0.04308441613171654,0
AEBCEFE,2.1234003374975474,0
GBCAEBB,0.04835415468656723,0
FDEFCDC,-1.3145494378764426,0
EGCFGCF,1.6019469461517788,0
BBEBGBA,0.939061020960305,0
BGGGEAA,1.2022714415787208,0
CBBECCB,-1.4953607772692465,0
GBEGADF,-1.2224648753405412,0
ACGFECE,0.918604175593027,0
BCCAEED,3.2027794204021083,0
GGGEBFC,0.5377481735286213,0
ECCEEFA,3.3476464491120312,0
CABABAG,1.3123052360173229,0
DFAAAFD,1.5120021245239061,0
ADGBCGB,-2.756073542977873,0
DEGEDDB,-1.9528271988164083,0
GCDEBED,1.36998315666699,0
ECCGAEF,1.8470029010235018,0
ADECDBF,-0.8252023483845166,0
CFEECBD,0.7891759970555243,0
BDAGCEC,0.2486089221415674,0
EFDBCFB,-0.005233121341300495,0
BDGBBED,0.45426459178190237,0
GBDBBDD,-0.7913940827580166,0
AEEEDGA,-1.9355905792065204,0
AGCFDGF,-0.5847529353867083,0
EGEFCBD,0.5023792381118909,0
BCDGDAG,1.860757888481718,0
GGFGFEF,-0.571794099685907,0
FADDDFA,1.7104946816774775,0
EEBBBDG,1.0417050036050783,0
ACCEFAB,-0.5570992836335663,0
AGCCFEF,0.15398099140054688,0
ADAGBGA,-0.18922862815407027,0
BGDCCGC,-0.08014060840417653,0
GCBGDAE,1.2213561721778412,0
GFCBBGA,0.7080991862397852,0
EDAACBF,-0.7609565760430088,0
CDBAADG,0.6327902343494661,0
EDGFBEC,-0.8864706620098517,0
BECADAD,-0.07060841867950274,0
FGFFBAG,0.8022905943489628,0
AAADGAD,2.1487358821228355,0
BCABDAB,0.9388454697181663,0
FCDBDGF,0.2289587202374388,0
BBCEFGG,0.08842512877038411,0
DBAGBGA,-0.09107302489367575,0
EAGAAGF,-1.5409065597860743,0
EDABGDC,0.7187111095025844,0
BGGGBBC,1.076293345271229,0
BDCEBAF,0.19222012770430558,0
DAAEFCE,-0.03482167083150678,0
FDGCEEE,1.3108641311086195,0
CCFBCFB,1.1492559181952864,0
CAAGACF,1.0137317531390548,0
GEEDBAB,0.222665311136568,0
DDAGAFE,1.7822954835024463,0
BADECDF,-0.8518310376850214,0
AFGABDB,-1.7538121511117415,0
FGBFBDD,1.3632697317493996,0
EDDBDAC,-1.8375342553482903,0
FBCBABB,-0.226511482394974,0
EFFADCA,-1.6782151745169434,0
FFGFEGF,0.39718433313006607,0
DDFDEFF,1.8572476759823637,0
FFBDGBD,3.736641788927638,0
AFFGEFD,1.6497725308035003,0
AAFBAEA,-1.3158380392906723,0
DEFDAAE,-0.0076461103378872575,0
CECGCCE,0.8823039242465556,0
ACAAFGG,0.586256382447926,0
EDBGABG,1.4548544746718122,0
CEABEDG,2.599466199831779,0
ABEBGFF,4.2678721042908805,0
ADAFBGC,-0.8931798116965948,0
FACDBFB,3.0015437629829824,0
GAEDEFD,3.4673155251863355,0
BBDFDFC,-0.5166873878897599,0
DAEADAE,-0.8706362139348194,0
EFEEADC,-0.7557629339343201,0
EGBEDFE,1.4049472929532079,0
GFGDCCD,0.3006246712575691,0
DBBDECC,0.7418674518684016,0
BEDDAFE,2.2912113665410296,0
BBBBGAG,1.4837061430261755,0
AAGAAAG,-1.2000525991193554,0
BGFABAE,0.002558350612419158,0
FBFGECA,-0.3397224204213141,0
DGACEEA,2.3990881937982604,0
DEBFCGE,-0.507073204534809,0
DCDFBCG,1.7883872096551003,0
DDCAAGD,-0.24759717745101534,0
GAGFDED,-0.38930710658332257,0
GCBGDAB,0.4809546133145059,0
EFDGBAF,-0.036368563130624434,0
BAFGECD,1.4610845873444536,0
BGGEBDB,-0.10383691208168389,0
BBAFBGA,-0.025618930051609645,0
FGFEFDE,-0.5923780025524766,0
GAFDDFD,1.516412582938594,0
EFAGBFF,2.1998044499066056,0
GBEFAFG,0.7262119718260166,0
CDGDAAA,0.15854493042668258,0
ADEGCGD,-1.1166851078656361,0
GCCCFDF,1.1460430547080476,0
FFDGADD,0.6430906413098746,0
BEDACED,-0.5707569904048918,0
BAEBCDB,-0.554024813947754,0
DBFGEGC,-0.8604673314558448,0
GGFBEAF,0.011978429600729423,0
BDBFBDA,0.3582028497256642,0
DGDADAF,-1.4018794227804579,0
FDEACAA,-1.7261925751970781,0
EEAFGDC,0.7635560828858061,0
CCCEADE,2.132416957108129,0
AEFGAFE,0.03237426064895721,0
CDFCBEG,1.4858378958090976,0
BCECBAA,1.8271108998501207,0
DAGFADB,-1.1682903958295756,0
CAABCCB,0.048635213224353546,0
AGFFBEG,0.4215395761452716,0
FEBDFBE,1.5201037320791688,0
AEEGGAF,-0.1022810372356402,0
CFEEFGE,0.12598030141463157,0
GDCCFFA,1.0062276941359087,0
GCDGBGE,1.5509131269101468,0
ACFABAA,-0.9408141766218983,0
FBEEEGE,0.12572086481163136,0
CCGAABB,0.5536652384496241,0
AGAGEAB,0.7766926082946499,0
EABEADC,-0.5746284843542848,0
FGCGBCB,1.3136392234531307,0
GBBGFBE,-0.20345336224462152,0
DCAAGAF,1.6257038696098158,0
DBEDBEF,0.3305625939348155,0
EFDFFCC,-1.314069146568949,0
ECBGBGA,1.6709382780311877,0
EGGFFEA,-0.7208943989838497,0
ECGBGBG,3.0412664742506825,0
DBBFAAE,-0.945441231259263,0
GGCGGCA,2.104944266852264,0
DGCDCGF,1.0708698619901216,0
ABEAAEF,1.607199311046685,0
CCGBEFE,3.53184961557409,0
GFGAEEC,-0.14454852544126195,0
GCAGEGD,3.0413073971445512,0
CGBGEFG,4.582332479810811,0
BFGBGAA,0.8190596897854441,0
GAGFDBG,0.421426692591519,0
BGDBECD,1.7301511933876283,0
FFDFCFB,0.2197396278711683,0
CDADDCC,0.8557610004976478,0
AEDEGDB,-0.8716690411533755,0
AGEEECE,0.5336875245708652,0
DCGAFDF,-0.8841072022652692,0
BCFGDGB,0.3344095694635299,0
CFGFDDC,-0.6889841745963804,0
BAFGEAE,1.256306460389426,0
BDFFDEG,0.16144861928061016,0
AGBAGEA,0.6446859044649123,0
AFFCABF,-0.6025535983262564,0
FBBAAFA,-0.16491001979115213,0
GEBFCEB,-0.9361926341610436,0
EDFEGBD,0.6767690256791765,0
CECADEE,0.5630620018406791,0
AAGBCDB,-2.2262612274613023,0
DEFEBGE,-0.7015779534667153,0
FAECFFF,1.0430040732491892,0
GGDDGFD,3.6922388445046694,0
EFGEFAA,-1.6251405629378857,0
FEBBCCE,-0.20436266669446818,0
BDDAEGA,-0.02234890275235335,0
CBABAFC,0.6864987246594114,0
BAFECEF,-0.887139425899032,0
DGEEAEE,0.5064542859953622,0
GACCBAA,0.9019021193018797,0
GFBFEAD,1.2847955918813057,0
FAEEBBC,0.4259435320094213,0
EAECDFA,1.059634652069851,0
CCFCBAG,2.3902501010858974,0
DAFGADD,-0.07931066951946247,0
FGFBACD,0.01916138879771473,0
EEEBBAC,-0.8107981116683614,0
EFFCBFF,1.1362084651742852,0
DFGFEFC,1.2583231112996933,0
FEFFBFD,1.0135865519610716,0
CEDFAEE,0.3751602677665309,0
ADACBAC,-0.5376230303411755,0
CDDCDDE,0.2350505728547918,0
CDCBEEC,1.5844069511155794,0
DEEBECC,0.0469932686006882,0
GCAEGFD,3.884617616179398,0
DBDABBE,-0.6797097900728901,0
EDCAFBD,-0.06390033530435674,0
FDGCGGD,1.1354011089046507,0
DEFFBCC,-1.2681914618188728,0
FACGFED,1.3208550432612491,0
AFBBEBC,0.7641644024156967,0
DACAGBA,1.640175152902993,0
DDCGAFB,1.1270035314561941,0
ECGCEAC,1.2069408357586844,0
GGCACDE,0.0418393370719623,0
CBFGFDE,-0.9875470852681152,0
DAAGCGD,0.5979043663375344,0
FAAGBAD,1.5406587544616994,0
DACEBFE,2.1806609405876776,0
FEDBEEA,0.7145920156219807,0
ECCCDAD,1.7489717693858982,0
EEEDEGE,1.84517390575664,0
CFABAFB,1.8466648935055279,0
ADGEGBA,-0.3612899138805845,0
DEBFAFB,0.4398443974700079,0
GFDCBEE,1.14812672770234,0
ECAACCE,0.6488142524350684,0
BAABAED,1.5235789940487952,0
DGAABAF,0.08387773559359946,0
GBGDDBD,-0.060166871320214144,0
GDGDEAF,0.46206148959080773,0
AEGEFAC,-3.040385002052003,0
GBGFFAD,-2.1843964693805162,0
BDAEBFB,1.3839164417078873,0
FCBCEBB,3.0549693828654902,0
DDAADED,-0.1928984655778121,0
BCCAAAE,1.5087420701914787,0
DEFEFFF,-0.8791325461968174,0
DACAFGE,-0.23173566771850118,0
BBFCCGD,-1.0268885960698118,0
FDCAFAC,-1.3547019380813812,0
FBBCFEG,0.5705600179273815,0
BDAGCGD,0.6266710331381629,0
EEEGGBF,1.3646204655097367,0
CFCAFEA,0.409016192238729,0
BAFAAAB,-1.469003952611402,0
GFADCED,1.7289347916364202,0
GEEDEFD,3.0943007634221624,0
DGBEFEC,-0.35569458764695727,0
DGAEAFC,1.2111729055209688,0
DEBFFAC,-1.4109252816736892,0
FEDFDEE,-0.22531834284593785,0
CGABEGC,1.87279129328791,0
FAEABEC,-0.10283360282609344,0
AGADACF,0.7185359202129702,0
EACCGEB,2.067281283496633,0
AACBDBC,-0.3425073758174184,0
GFDBGGB,0.38300208557995213,0
CFGBEBC,1.2829787842229412,0
CCCCBGG,3.807789900786088,0
CFEBCDC,-0.3279011192429184,0
EBBFBBC,-0.45537513963449594,0
DFBGAFB,1.3557853146334633,0
GBDCDFC,-0.5610605838363346,0
EFDCECB,0.7294678433624592,0
AECGBCD,0.4850492128388929,0
CGBEGCB,1.555716318819918,0
FBCFCGB,-1.3321566236547195,0
EDGBCDD,-1.2609541425694641,0
CGACACC,1.2457520382589344,0
ADDGAEB,-1.3233628976417717,0
CEFGFAC,-1.2643480370903726,0
FDEDGGD,2.2354631051130576,0
GEFDDCC,-0.8867129836454857,0
DDAGDBB,0.16203152636866314,0
EEAECAG,-0.0081404621861767,0
BCAEFCA,0.9968087647606176,0
DDCBBCA,0.20149899655221798,0
GAAFBFB,1.446513372595027,0
GBFFDFB,-1.4607919222204309,0
ABDDCGA,2.269009559909853,0
AADEDCE,-1.3447493204316832,0
DFAECEG,1.0589691266161476,0
BGGGABA,0.9044256336780909,0
DEBFEAC,0.1130549932113003,0
BBECGAA,0.6111964965728452,0
BDEEFAB,-1.4747768726131225,0
CAGABBG,1.3411307244398112,0
BFGFDBC,-0.22484648818511938,0
EAEGCDA,-0.41771126839899186,0
ECDBEDA,1.4774333165699567,0
CDFBBAF,-0.7264994744691906,0
BFADGAD,3.4452353801002324,0
GCCFBED,2.418465372590568,0
GFABFDG,0.8772102743574058,0
BDECADB,-0.1254374427039836,0
EEFCGCG,1.4015911529037832,0
BADFDFC,0.543508243354478,0
EBGABGG,-0.98212144533139,0
CAAFEDA,1.8615195872781176,0
EBACEBE,1.730336846096685,0
BDEBDCB,-0.9087583437291967,0
EDEGGAA,0.5810604802161383,0
BBFDFCC,-1.1764111761228593,0
AGFAFBB,-1.9844498191831592,0
FDCEDGA,-0.4516735009992221,0
DFACBCE,1.633182370649041,0
FDCBFEB,-0.3036468664112838,0
ADECFDG,-0.39582295752837493,0
FBCGBFD,2.004079048147087,0
EGBEABG,1.6147223964834125,0
DFAGFGF,0.0964381599190095,0
BGGFGAE,1.4067761244217882,0
AFAAFAA,-1.5295777933384533,0
AFFGDCB,-1.737871314911093,0
BDEFGBB,1.1968347299291344,0
AAACBGG,1.4350156967006897,0
AEEBDAC,-2.1613300309801606,0
CGFAFBD,0.08309673688253583,0
BFAFGGD,2.474735114744694,0
CDBEBCA,0.238918723017427,0
AEAABDE,-0.45445019877788995,0
BDBADFC,0.15616231743744435,0
CFFGABA,0.7145894131456751,0
ADCACED,-0.9723158149727916,0
EBCBDEG,0.3433095879222474,0
AGCFEDB,0.6612489778938311,0
ECGBCBC,0.010275669845700053,0
AEDEBGG,-0.4303394482866538,0
BCBBGDC,2.4411130052682433,0
GGBAACA,-0.4082617541411937,0
CAFDGDA,2.0238770118655762,0
FEAEBAE,0.5356974628539168,0
AEBFFAG,-0.7700487818977133,0
CDDCAFG,2.28438694421789,0
CAFDBAF,0.8352715187949995,0
BAFABGA,-0.5735009395559928,0
BCDFBFB,2.2154033047342017,0
BEDGGFG,3.4586211362464185,0
EEFBBEE,-0.12355313380619987,0
CEDGFCA,-0.46050683705746054,0
GGCBBGG,1.946193120216265,0
GBFFADD,-1.6473931759848848,0
CCGCCBG,2.447874424258486,0
BBCCADG,1.2643535659182663,0
AGDFDDC,-1.560238246602112,0
GGEEGDA,0.9252551989165627,0
GEDFADF,-1.2102570198137723,0
ADAFFGF,-1.6048392299849041,0
DGFCCFB,0.3151924991104766,0
GEEBEGG,1.302975622359561,0
CBFCGGE,0.7497414428509314,0
EFDABEG,0.8167702852982606,0
DFAFGED,2.361360906906621,0
BECCDFF,1.7345268956703712,0
AFADCBE,1.3278864118503044,0
GEFAFBG,-0.6941672510750094,0
EFCDDAE,1.4473851361228844,0
EBBCGFC,1.545135790679349,0
GFGCCGB,-1.086087505799656,0
FACBCFF,1.2072069818538693,0
BDDCACA,-0.14795746553337036,0
AEBEAAC,-1.843076023490132,0
BBAGFBA,0.17502592628729707,0
FACDBDD,2.5691263821776755,0
EGAGCCD,0.8597840596749986,0
BABCCDD,0.9861843705978963,0
FAFGBDA,0.12135094393673654,0
GDGGECC,-0.22851247800009067,0
BBAFDGF,-0.8318266800947377,0
FCBBDFC,1.8737092088454252,0
BEBFCDC,-0.6794847220106875,0
EEBAGGC,-0.010804879935318312,0
BFAAAED,1.131529898472972,0
DEDCCCC,-1.2423693544304175,0
BEFCEGG,1.7501311544949867,0
GEBADEC,-1.1994323072415423,0
EFCDCFG,3.3074889934783593,0
FACEBCD,1.1985999583902007,0
DGDFCEE,0.008507909434152416,0
DADEBFC,0.5668941390528286,0
DFCAEFA,2.20613765421221,0
EGFGFGB,-1.0704544180885038,0
BDFGCFG,1.298056349151888,0
EFEFEFB,1.7083527725641043,0
GCGDGAF,2.1029744999525173,0
DBAACBD,-0.7138452101389293,0
FFGFGFG,3.0164514343642703,0
BECECAA,-0.4569435326229091,0
CECCAFC,1.9353847234520463,0
CCDEEBG,3.5214204832425846,0
DGBADFB,0.4068709995185279,0
EGBBCEG,1.1651521183789897,0
DCEGBEF,1.6736071827900159,0
ECEAAED,0.9344492736600789,0
CECFAAF,0.12019996944444794,0
GFFAEBG,1.3122093822462895,0
FBCACCE,-1.0421424281590408,0
FFCEAGB,0.09393852559671426,0
GFEGAEF,0.2731564695589847,0
BAGBCCE,-0.35965101878157935,0
GGGCBBD,1.3620621473252432,0
BCDGBBG,3.3533083988140344,0
BGBBBBG,2.7997513441377553,0
BGFDEEA,2.3540111312457412,0
AAGFFBD,-0.9335177224953415,0
AGBCBBC,0.7602332178159572,0
GGGEGBA,1.0116054120819786,0
FBBBCCE,-0.8915435361745324,0
EGCBFDF,0.013782807784336937,0
EFEFDDD,-0.07218659006563169,0
DDCFFED,0.16541128880548128,0
AECCDGA,-0.5995690443924164,0
GAGACBG,-0.20403945651126532,0
BGBGGCF,2.209336150058305,0
DCADFDF,1.7502192483851218,0
GFGEGEC,0.3162693675962155,0
FDBACED,-0.38336115854015507,0
BDDBDEG,0.5751733760989615,0
CCCCAAF,2.0153981623259094,0
ABDCEDB,2.958358411072529,0
EGFFCFE,0.500948491983517,0
BGFFAGD,0.21544950452658618,0
DGEBGBF,1.671027119993541,0
CCCDFAC,2.056377888002996,0
BFCDAGE,2.391288701367825,0
CACFFCC,0.09133304290595956,0
CGEDFEA,1.5401428557465062,0
CFDFECF,0.994207950942934,0
EGEDDAB,0.24514054202376095,0
ACBGDCG,1.3776665586751489,0
EEFGEEB,0.1772491328114823,0
GDGEFDE,-1.5598434745120815,0
FCFGCFB,1.1757657417296277,0
EEGGEBB,0.5403361894170583,0
FFGAEGB,-0.21357450478858142,0
DBFDADA,-0.9224195332864071,0
GDEBDDG,-0.08278325572129175,0
AFBFGDF,0.4700781302349384,0
ECGEDBE,0.6995957123117968,0
DBGGDAB,-2.2737489168967637,0
GBGGCAA,-2.2446812579811803,0
GBAFDDD,-0.7341901029038866,0
AFBEABG,0.7727761293411495,0
CDCEBDD,1.1439397066821064,0
CGFACGE,-0.5811977895892653,0
CDEFGBA,1.5839834527772128,0
BAFDGCC,1.5852300965988817,0
BFCGEBF,2.835575749311985,0
EDCGFCG,0.7516338779712735,0
GGBFFBE,0.7120841182244397,0
CDBDEGA,2.209896336431975,0
CCDBDEG,2.1459520588305994,0
BADCDDF,0.01925035908947509,0
GBDCACG,-0.25267295737562856,0
CAFDGEG,3.4085102515453745,0
GCDBEAF,1.0776601838465347,0
ADGFCCF,-2.64807432004807,0
BAFAAGD,-0.5224953440521535,0
FBFCBAC,-1.3468194182425934,0
CFBGGAD,2.5764775262266584,0
DDAGCBD,0.7587214336906409,0
AADEDFC,-0.8093155721325893,0
ECBGADF,1.1701269837768993,0
GAAEDED,0.48634373114169677,0
FGGFBCF,-0.0846712967060469,0
AAGFCBA,-1.4273470698231516,0
GAFDADC,-0.20697284335158628,0
EFCFDAA,-0.15710999697161,0
EDBABGA,-0.675112365091924,0
CGGAGBE,1.8695087696404071,0
CBEGDAE,-0.44189915329348656,0
CEDAEGG,1.2407884839111456,0
ACDFABB,-0.04803520420917101,0
FCDGCDF,0.49330364761536905,0
CGEBGAC,1.3206074274206285,0
BEFDBCC,0.37471844986713443,0
EDBGFGE,-0.19587424727023817,0
CEDCBAE,0.7873669397993277,0
BGGFADE,0.3599962245549412,0
GADCBAD,0.5124057494724648,0
DDFDDCC,-0.9095878921558573,0
FEABCFF,0.7490826132726127,0
GBGEBBA,-1.1749735120818023,0
ABFADEB,0.5969018262906429,0
CEDGEED,1.9437067382119104,0
ECBACBB,0.27506847698794235,0
AGCEDCA,-0.6336704857156422,0
FFDBFAF,-1.004144625912854,0
DDCEGBG,2.5118848152760194,0
FEGECBA,-1.0262812890730446,0
AGGAACA,-1.7976732438436622,0
EGDEDEF,-0.5851692497167169,0
CCBDFBG,3.839001882134518,0
EDCDGFD,3.864561276146307,0
EBGFCDF,-2.5146872571724215,0
GDDCGBA,1.1908507626420461,0
GCGDFCB,0.4119105312035074,0
GEEAFAG,-0.8958463375346444,0
GACFAEE,0.9502793222467824,0
GFAFEED,2.1095532238200687,0
FDFDBFA,1.5670006531611005,0
FBFEDGD,-1.792486020501454,0
FDCBGDD,1.844852273881059,0
DCAFFDG,1.783014399558732,0
BCBABFC,2.3077004246560096,0
CGAFDAF,0.45117540530265476,0
EADDADE,0.9340346862590738,0
BFFDDCF,0.3213136830756942,0
FAGFFDE,-0.5978960481076145,0
GEDGFFC,-0.14516122280636057,0
FFGGCCG,0.48157668810628707,0
EABFBBF,0.7571098298313615,0
ADAFFED,-0.6078175657476508,0
GBFACAD,-2.7516667736377656,0
GDBDDAA,0.007691352820595465,0
CGACAEC,1.6327054067309594,0
EGEAGAF,0.33945858898901626,0
BCDBFGA,0.41854915837981105,0
GFDGGEB,1.1497988384170483,0
EBEADEC,-2.128464698353358,0
EFCECAB,-0.7790413035150667,0
BGAFDCB,0.354226039068706,0
AFGAEFC,0.12114542293687436,0
AAADADD,1.1019559822559888,0
BCABCEA,1.6012908836201842,0
EFCBECF,1.2973490199006201,0
EAGACFD,-0.08663785144554081,0
FBAGGAB,0.5448623923870436,0
BFCBAFF,1.986143858652046,0
DBCCGEA,1.3125811280116504,0
ABCDFAG,4.037513407002468,0
CABBBCC,0.6568222507736273,0
DAGDFBF,0.28711556485138745,0
AGGDDAA,-0.6226017421613202,0
AFECFCC,-1.2061143730885533,0
ACDEADD,-0.012112227966688954,0
GCFEGBA,1.5982722129155964,0
FCGECGE,0.16948395054774973,0
AGBCGBA,1.8681367275989098,0
DADEDAF,-1.4074133042874633,0
BADGAEF,0.4956873877239498,0
GBGDBAD,-0.17653645475379182,0
FBDFGBG,1.4565179922004394,0
GDDDDBF,0.16208961163146307,0
AEDCCBF,-1.14582128708227,0
FECEBGE,0.7942180624322568,0
GDGCFFC,-0.3906452894033786,0
GADBDBF,-0.45921740809555955,0
FEEFBEG,1.3022058235485283,0
FCEEEDF,1.6600113202330102,0
BBCFFCB,-1.0856046863709778,0
GAGDFFD,1.4582167380930586,0
EGFFEBC,0.6604414112612877,0
EBDAEFA,0.1281063326804468,0
GDGBDGF,-1.8041885059679716,0
EFCGFBA,0.9050363155779229,0
GFGGEGG,1.6814257756935402,0
ACADEBA,3.275666287501525,0
ACDEADG,0.5531969628176014,0
CCGEBFB,1.9133383725326993,0
GAABBEC,0.6288258036663266,0
BCACCBD,2.8165909464185788,0
AFDABBG,0.39975343782638206,0
ADEGDGA,-1.433557331301978,0
FFADECC,2.4288340821911807,0
BABCBAD,1.617691221014036,0
EEADCGE,0.8768824551547345,0
CFDCGFB,2.8053649424524183,0
GAGEBCG,0.3114332649965055,0
AAFFEBE,0.44010404723996666,0
GFBCCCC,-0.30237081100982593,0
CEEGEAC,0.8624131982179294,0
DDGGGGG,1.353619875339373,0
FFDBABA,0.34010712766526446,0
ACABAFA,1.7158676974519365,0
EBBBCDC,-1.8389697853123943,0
DFDEFFC,-0.18767302078496506,0
BAFADBA,-0.6305423488836719,0
FGCDBDB,2.084915174331653,0
EFEGEDA,1.2162000185735877,0
AFCGABE,1.1248531547946052,0
DAGAFFF,-0.6718078626625827,0
GBEGGFE,1.8415225042103058,0
CEBBFEG,1.1358078484835745,0
DGBEBFD,2.151411605210853,0
DCCGBEG,3.491661438596043,0
EDEEBAA,-0.8556868776603882,0
EEADBEE,2.127005072811257,0
FGFGCCG,0.5434190511710957,0
FGBAADC,-0.2917496020136221,0
CBCBAEE,0.6231279516494262,0
DADEFFB,-0.30646567652735834,0
EEDEEDD,0.38640466391453254,0
EDAFAFG,1.9210783806206284,0
BDFCEGB,0.3145071229082941,0
BFABEAD,2.1762310070121123,0
ACGGCAF,-0.9231641875720996,0
GGDFGBF,1.3028840966521644,0
CAGFGDC,0.7272215771484272,0
FDCDEBE,3.297698582223199,0
DDACGAE,1.7189836021555247,0
FBCDFGG,1.1507108564598119,0
DBAGABD,0.5909816247318538,0
EBCEFFD,0.2635348178945481,0
AGCEGEG,2.337459353869973,0
GCECCFF,1.7096607893802702,0
FDDEDDD,-0.7815895420806501,0
GFBCGDA,1.7309401221873832,0
EEEGFFD,0.9086183137679431,0
EBAEDFB,-0.418814111659967,0
DFFDFAF,-0.5256253335744486,0
FGGBBGA,0.08714716424978641,0
CBGFEEB,-0.19380636277542956,0
BECFECD,1.8986540737920683,0
CDCECEG,1.1707948425241654,0
EDGAAAD,-1.5731523208098002,0
DFFCCBA,-0.218540899513316,0
BGFAGFB,1.5381599948292,0
DBGCDGD,-1.2318170929479848,0
EFGBFEB,-1.1278446425281303,0
GGAGDGF,0.3774589477653644,0
DBDEFGD,-1.8586590173248896,0
DAEEDCG,0.18280363024946222,0
FBDAAEE,-1.1157415259119197,0
ADGEGBE,0.09929396109711486,0
AFCCBEG,2.015131345921048,0
DEDCADF,-0.6069469292030579,0
GAAAAEC,-0.314879224990149,0
FBAFAGG,0.34336441162734643,0
EBFFECD,-0.5573320480697611,0
FGEFCBB,0.00662662314755616,0
CDCBAFB,1.3521609168818913,0
DBCBADF,-0.8879470194368385,0
GFCFCDF,-0.26730819515255877,0
ABFGBAA,1.888377534487168,0
DECACEF,-0.7983765607384476,0
CGFDFAA,0.37832645683079796,0
BEEADFB,-0.046547562880574045,0
EEBBAFB,0.4665388572175777,0
BEGFEDG,1.3984061573413225,0
FDAEBBB,0.5025387258691185,0
GFEDEGA,1.8183218645948303,0
FCEAFGB,-0.36860220713680764,0
GGADAEF,1.7192662199270055,0
FABBAGA,0.131620978349759,0
FGBCADD,1.4499631694575585,0
AEFAABD,-1.4515789529998973,0
CBEFAEE,-0.07059214648738382,0
FBCEGCG,1.5412104028978275,0
FCDFEGF,1.52470845044068,0
AACEFEC,-0.9818684430715247,0
CADFBFD,2.102616302494024,0
FEGEFEC,-1.5415631068635203,0
GEFDBAF,-0.21841525199486694,0
BFEGFDB,-0.0629214947542068,0
EEFFGGG,0.8739523015279935,0
GGDEFGD,-0.583919294622721,0
GFDDEEE,2.4231017300775193,0
FCDGFFG,2.876074468924527,0
BEGFDEF,-0.80037811679036,0
FCBCAEB,1.7072389196913615,0
GEGAFFG,0.05754146836961027,0
FCGEGDC,1.2000688363956162,0
EGFGCFE,0.9344930507106629,0
DGCGDGF,0.5369108710764863,0
EDECEDC,0.46160302570701983,0
CGBEECG,2.7166577588096867,0
EADAECF,-0.19623957076124565,0
EEFGFCD,-0.9605868947475407,0
DDGAAFG,0.4563409799606515,0
CFBDDBC,1.8020303673545766,0
FAAGFGD,0.8501209907130267,0
FCCADED,1.6073259939685052,0
GGEEGCG,1.922935070124336,0
DFAEBCD,0.9712047392852154,0
CFCDADG,3.1562053167972013,0
DAEDBBD,2.247580052075719,0
BFDCECG,2.592551095387573,0
FACEGBE,2.6357787632856944,0
GEEEADF,-1.1345344787694294,0
BEABEEC,1.4891835303404641,0
EDGEDGG,-0.7968957378601416,0
FGBCBEC,1.454595066121493,0
CDGAAGC,-1.5314204003710044,0
DCCGGEA,3.27056920086697,0
GACFDCD,0.3502058836685612,0
ACBDAED,2.1554935627933856,0
BGEBEEA,1.8652530851734468,0
FGAFGFG,4.237312997550929,0
ADDDFCB,-1.4216239868255605,0
FACDDGA,1.3281756580679633,0
GEEGAEE,0.36946127269413326,0
ECFCGAC,1.266743754136173,0
GCBEGBF,2.373451932997321,0
AFGBCGC,-2.167048900466896,0
FEEADDE,-0.7589924452297108,0
ECFCADE,0.9509543540624039,0
CGDDBFG,4.100723159347079,0
CDDBGDF,0.7053412372047897,0
CEGADDE,-0.8894484738663821,0
GADEDFC,-0.19553864089057948,0
AEBDCEG,0.9323484992960238,0
ADDFCBG,-0.5952998769129507,0
CEGGDDD,0.025850582422190627,0
AADBBCF,-1.0172818527507765,0
BGACAAA,1.2367455540914998,0
FACAGDC,1.0499670116739495,0
BGADAGE,2.485683905830575,0
AGFDEEE,1.6274771049181798,0
AEAEAEE,-0.2873278917582909,0
CFBGFGA,0.5551629455980556,0
CGEBFEB,0.1687861653652638,0
FBBFCBC,-1.0425283107262222,0
FAFCCCF,-0.8267505506817486,0
EFFCABG,1.2365942668265784,0
ECBDBAB,1.9280763007739443,0
GEFFBGD,-0.5775182988442906,0
BEGBDCB,-1.296659630933074,0
DFAGBAG,1.9636823329580873,0
ABAEEAD,3.6014577119874827,0
GGCEGGA,1.5070227166841974,0
GFDEBBF,0.12017648622295057,0
CACDFBF,2.019911616106951,0
EBDCGGE,0.47908646364282065,0
AGCDCCA,0.49953897810694525,0
ECCDDDA,2.103626642982905,0
GCGDAGB,0.8349138740458062,0
BBDEFEC,-1.7377224747522728,0
EACECAB,-0.8884229001872026,0
BDABADC,-0.03638366643067523,0
GBADDEA,0.24248534028370447,0
DFFDBBC,0.9904941315968082,0
EEBBDAE,-0.4773820290724819,0
EEBDDBB,0.6782154654427364,0
ADADDEF,0.10055476692358989,0
FGEBGBC,1.7704049907319594,0
BCBECBA,1.3629151327613729,0
GAAFGCD,1.7906836252684213,0
AFAEFEG,0.37139929429555285,0
EGEFEEG,2.346793510806074,0
CFABDBA,1.2466201791207159,0
CBFBGGC,-0.45784457943763385,0
ABGGGFC,4.011636560966931,0
CFDFDEC,-0.1192500006310902,0
BCCEFFF,2.230225333076114,0
FCDBEAF,1.4036697093006116,0
EDGDBGE,0.6028066501688822,0
BFEFCEA,0.10884633197198135,0
EAACDBB,0.702008936653158,0
BBACBED,1.3822532217085617,0
GFGAGGF,-0.20041826635826743,0
AGFEFCF,-2.1717748723088945,0
BBABABG,1.2741171619793992,0
EFFFFEA,-1.0180616584787079,0
AAEEFDA,-1.6788537817549198,0
GFFCBEE,0.7867742225051773,0
FCCAFBF,1.0654950907923815,0
FAFBFBG,0.5062877283911997,0
FFDDCBE,1.4700061736217034,0
DFGAECD,0.30652697930848605,0
CAFFAGF,-0.5775030829690555,0
GDBGDFA,0.7358309715434885,0
FDCCDGE,0.7035840622769598,0
AAAEGEA,0.9048742164042738,0
GFBBDEB,-0.22501631562753144,0
ADGECFD,-0.9359587676315906,0
CADFFEC,-0.40448989036378613,0
FFDEBDA,-0.0071654271029172045,0
ADBADCA,-2.026973207144609,0
AEDDAAE,-0.3344128528767731,0
DBDBCCD,-1.6424591896782346,0
AABDEDE,1.9058435866585417,0
AEGCADB,-1.7004566312131217,0
BFEAEGA,0.7986931359145157,0
CEDDBDG,2.2333069930276377,0
BCDFDDA,0.6016155285671695,0
AEECCCG,-0.3600643994282915,0
FEGEAFG,1.0885779403700635,0
GDAGFCF,-0.5588466627566346,0
DBECFCC,-1.6875723532688782,0
DFDDGCB,1.547554485828711,0
DFFBCGG,-0.26759635343384724,0
CCDBBGD,1.883108885764539,0
DDDGAGB,-1.0208680956368623,0
FGACEFG,4.588815405075092,0
GGBCBBE,2.1050006488510453,0
AAGAFGB,-2.786722833041794,0
DFEDABE,1.8819912554046816,0
BADCFCF,-0.21751718545995802,0
FBDFDFB,-0.7734298915691912,0
GFEAAFF,0.27002434982521484,0
CFDCFDA,0.17822198825725202,0
GBFBFAC,-3.0133732227020866,0
DAFAEBG,1.277170102068192,0
FABFEEG,2.6257681499399332,0
AGAABDB,-0.5329505879250824,0
FDGDBAF,0.12803949666982442,0
FGFGDGA,-0.3374334403086506,0
AFBBCEA,-0.7353832714599197,0
EDFEBAB,-1.7382855219693365,0
EDGBDDB,-1.857644049891442,0
BAGCADB,-0.1403239681436874,0
CACEAEE,1.4652454170906688,0
BFGBABF,0.2256312286985417,0
CEFGADB,-0.6190933545499735,0
BBAFGGE,1.2724618298936636,0
GEBCDBB,0.014607456822197662,0
CCBDEED,4.5522483578446655,0
DCCFEBE,3.365567758915561,0
FCDFFFC,1.1135341626853559,0
BEEFDGD,-0.08948683180709699,0
BGBBAEB,0.7736455927564053,0
DFCCGCB,1.815387303570363,0
CFDGBGC,0.616760575814286,0
GAFBDDC,-1.5443279768880456,0
EGFBABG,0.9395035556109244,0
CFGACAG,-0.21844589769638345,0
DFCBAAF,0.048638886970291395,0
BDECABF,0.6077316799615969,0
GDGACGA,-2.3639096200981857,0
FFGBCAB,-1.4100844956023233,0
CABAFBG,1.2528165263903404,0
CEEDAEC,1.0295094813163976,0
GCCAEDB,1.530296717557714,0
FGCDGDB,2.9224120592992264,0
DFAGEAF,1.4470074420427426,0
GCAFCBE,1.6815861453039953,0
GCCGBBA,2.604154607795909,0
CECAEBD,2.1893046489903165,0
DCCGEAF,2.4159511091883017,0
CFFDDCC,0.2763553838165168,0
CBEEABB,-0.7312750111419746,0
BACFFAF,-0.035790727855233545,0
FFFBFEB,-0.968162089909498,0
GGCCAFD,2.680300440870231,0
DGCABGC,0.1901089969503198,0
BDDADAC,-1.8142885021534183,0
BCGFFCD,0.6144378589479547,0
FBFEFAC,-2.905441863051005,0
EAACAAF,0.3050654141029409,0
FFDBEAF,0.5198356489721356,0
EAFBGED,1.119654569860204,0
BGACFDB,0.768244771613695,0
CCAGAEC,2.2416114403900718,0
DDCCDEE,0.8375412990480606,0
FDFGACG,0.20652449196740952,0
DFEADAA,-1.221838492240383,0
DGGGFEA,-0.26167204838308494,0
BBGBFCB,-2.159698793473698,0
FCFFAGC,-0.09123924776167958,0
FAGDCDD,0.5781618515283832,0
FABBFFD,1.4683218155119877,0
CCGGCAC,0.21899541447398374,0
EDFADCC,-2.5282353827730413,0
AABGCCA,-0.8505459294981235,0
DFFDAFB,1.1728550073476292,0
CBBFAEG,0.8179291474837344,0
BGFEGCA,0.834905957067628,0
AEBFDDG,-0.36119916732790913,0
DFDGCDE,-0.06349646010168726,0
EFEEFGE,-0.5060271829906418,0
BBCADDB,-1.2978955824483152,0
FGEEECD,1.5061700382016088,0
DCBGCEC,0.9473357188951836,0
AFCCGAG,2.2935927923962263,0
CACGCFF,1.9430417725314428,0
AFABCDD,-0.3024252630843486,0
GFFDAAB,-0.3399936272589517,0
GDAGFEF,-0.1718932942846093,0
GCBDGDA,3.2297176665159784,0
AAEBFDG,-0.40218649325527855,0
BEGGCDD,-0.25788816501626577,0
CAADFGA,1.421870241761936,0
DAEEFBG,0.6393233140514786,0
DGCABED,1.3394199994091935,0
DEFDEED,1.6863912398727423,0
GCCFFFB,1.6608898799027927,0
ABCEEEG,4.810911948081252,0
CDBBCCE,0.05308259187273784,0
CGCFGEA,2.739025085622836,0
ADBDEDE,1.4356115998899581,0
BCDGBBB,2.014901592231752,0
CDGFBDE,0.15048320520534736,0
GEAGEAE,1.4689699286838525,0
FCDABED,1.4126401556761032,0
CFCCACC,1.1513568337961841,0
BDGGDEF,-0.4640507830676244,0
GEACGBC,1.8153280577557656,0
EGCBGEF,2.0412725662449924,0
GFCGAEE,1.4932054776460641,0
EBEAAFE,-0.2721871918992812,0
EAGDFGC,-0.5219006193655416,0
DBFBGDG,0.3244018042907235,0
EDBDEDE,2.0980530557523878,0
EBBAAGC,-1.9777569707914733,0
GDGGCGD,-0.9880266888319136,0
EADGEDG,1.9239790893719486,0
EBGGCAG,-1.1374276106641141,0
FGGBFAE,-0.48962871004370057,0
CEEBCEF,-0.33196402247445583,0
AFCFABB,-0.04909296279587588,0
FBDCFBC,-1.044955622672413,0
EGAEEAC,0.8492946503183847,0
FAEGGBF,2.0149802281075675,0
GGFCEGG,1.8386913541478789,0
FGEEEDA,1.0737993577781257,0
ACADDFD,3.0548705088190466,0
CAAEBDC,0.7653755299058724,0
FDADCAD,0.9162952951573814,0
EFCFCCC,-0.43184226024263184,0
CEACCFC,1.4280512811180963,0
AFCDCFC,1.3160517901039048,0
CDGBBAC,-0.7611263644757857,0
GCBFBGD,1.682009126595978,0
BADDGDE,2.7384823530779956,0
AFBCBAF,-0.0714423021252033,0
CECDEDE,3.1781095654255216,0
GCCAAEF,0.9157353770491663,0
BECDDFA,2.467587666264249,0
BFCBGEB,2.224743803116113,0
GDAFGDB,0.6082632741907187,0
BCDDGDE,3.731698010078607,0
AFGABFF,-0.38659675721656594,0
CBCGGFC,2.4325518599585423,0
CGCGGED,3.665849576262338,0
BGBCDAG,1.7837963563009265,0
GBBAACC,-2.0277504181527792,0
ADECGCB,-0.09369337412202666,0
BEADFEF,1.2090316001727006,0
ACFBAEB,-0.6024400661756962,0
DDDFEGG,0.9863000070018512,0
AFADBAA,0.9273406619150413,0
ACGAGAD,0.5076250884730564,0
EDAEBDF,-0.18457460304636475,0
FBGBBGE,-0.8013509999687212,0
GDGABEE,-0.6532031274639637,0
CDADEBE,3.5672514589777315,0
GBEGECB,-0.3427686693377145,0
DEDBBCE,-0.12347620520744357,0
FCEDCBA,2.1346848141986303,0
BACGAEE,1.9571648510371789,0
FCFFECF,1.162027022502631,0
BDEDGDD,2.5423748784702185,0
DBEGGDD,0.7430458810357027,0
DBFDEFF,1.2672840315067095,0
DEBDAGD,1.0917579460335096,0
CGAFDBF,1.2556354521856021,0
FFFFFFE,0.5993380969527949,0
ADDEEBA,-0.2950652234909601,0
FFFAGFC,1.1207347980104503,0
BDFGFBE,0.06655424561879986,0
EDGBFDA,-1.7536846590663662,0
CGDAFDA,-0.6202994152063609,0
FFBBGGC,1.250367171582607,0
EEAAGEE,1.3715322590352657,0
AAGDBGD,0.4432932380096927,0
GDFGCGE,-1.1383851939815952,0
CDFDBDB,0.4363304562437823,0
ADAEDGF,-1.5946868511061507,0
EBEBCBG,-0.22902135867883722,0
CDACBBA,1.8316925816248533,0
DCBGDCE,1.4677805586922503,0
AFDCEAE,0.6353458763429942,0
DEDDFDG,0.7630285439860537,0
FGGGBCC,0.1965839237994791,0
CGFEFGD,-0.2645997907941906,0
ADFEGCF,-1.2294476255519444,0
FCCDBGC,2.739075153702566,0
FGBDAAE,1.7992192750137772,0
EFADBFD,3.5215683678023693,0
DBDFAAA,-1.937969607715283,0
GCAFDAC,0.32254330710398466,0
FCBDAEC,2.331593462761738,0
FEBEGGF,0.7021819855649224,0
CCCBDGA,1.584514792144585,0
CFFGEAE,1.4730190960240044,0
GBGCDFE,-0.07376014102539477,0
FAFAFBB,-1.3335497704390415,0
AFECEEC,0.7048192702684618,0
GCAFFBB,0.9417340018561142,0
DFADCCE,1.3836276827237768,0
GEGAFEA,-1.8805185339471824,0
FCFGGDB,1.6722458020192863,0
FEEFGAE,0.9826620223047591,0
CBGBAEB,-1.243739965937818,0
EGEBGBG,2.8220557374103272,0
DBDFABB,-1.4133272447179719,0
FCGFCGB,-0.4052116941337789,0
FBCEBBC,0.0070957472808050315,0
ABCDBCD,4.508235042748478,0
FGFEAGC,-0.9612744109921287,0
AAGFFFE,-0.3321675082004031,0
DFDCDEA,0.07379470576930974,0
DGAFAGB,0.10237243528123252,0
AFCDBBG,2.875499438311718,0
