sequence,target,augmented,source
FCGFEGE,1.5324649001025856,0,true
BDEDFCB,1.545698009534927,0,true
EBDCFEC,1.9502454703111192,0,true
GGBCBEG,1.005157077106806,0,true
FCDCGGD,-0.0920984164677676,0,true
AGAGCED,1.8919836714824865,0,true
EEEDDCG,1.6319224082668071,0,true
BABEDFG,2.652740430108369,0,true
BFCGBBB,1.601658131453927,0,true
DEEAFAA,-1.093396084362046,0,true
DEEFEAE,-0.0014036087506922,0,true
EFAGFFE,1.578682316102518,0,true
GBDGDGF,1.213620400112066,0,true
EAEABEG,1.5172612040722946,0,true
DGGBCBC,1.284509314055595,0,true
BACABAG,1.8046941266918013,0,true
GCCAEEC,3.2729106044799625,0,true
BACBBCA,0.3343879025697124,0,true
DDDGBDA,0.4706191444464558,0,true
GDCAFAG,2.006189340709526,0,true
FAGAEGD,1.2527010577732267,0,true
AAAEGFD,2.14399662213638,0,true
CFDFCFD,2.570277682886201,0,true
BGDBDBA,-0.6160527129616908,0,true
CGDAADB,0.4539839229233642,0,true
CGDDDEC,1.540263487163699,0,true
CFEDDDA,1.1203262579887143,0,true
EFBEFGF,0.8146200973087554,0,true
BGEAEAD,0.5431415809569184,0,true
CCAEEGA,1.2044404543808085,0,true
DDEFGGD,-0.0046395429374709,0,true
EBABDCC,1.2992303298566414,0,true
FEBFEGG,1.512650246789801,0,true
CDCEABG,2.801348619604031,0,true
CDEECEA,0.6073685154849459,0,true
EAGGEAD,1.782482284339486,0,true
EFFDAGB,1.5435746228103573,0,true
CBFFCDC,2.7936520694468805,0,true
FGFEFBF,0.1486290990535787,0,true
ADBGADA,1.7741823270765846,0,true
FCBEDBG,1.994023696465918,0,true
DADBFFG,2.551549054518558,0,true
AFACAED,1.8274553601962125,0,true
ACAAEDD,3.334226094842654,0,true
FFBEGAF,-0.2787385487910296,0,true
GBDGGBE,0.940758682340104,0,true
ECEFACD,1.5135879320941006,0,true
CDGFGAE,-0.0660105126295271,0,true
EDBAECB,1.4254043424081702,0,true
DEDGCBC,1.2366646273766173,0,true
GGACBCE,-0.9204229884437284,0,true
ADEAGED,1.1885598176531529,0,true
AFGCCAC,2.1611490140327723,0,true
DEBFGAF,-0.4783728886635749,0,true
AACAAGD,2.0968670529574536,0,true
FCBDGDF,1.9497476928402644,0,true
FACCGCG,1.0571651921410137,0,true
FEGCCCF,0.215681020771973,0,true
AFDCACF,1.6029266791255934,0,true
EBCEBAC,2.027141875289256,0,true
FCBEFEF,1.4157318229397196,0,true
EAGDAGG,3.006681278566889,0,true
DGDCAFF,1.1400148218498238,0,true
DDGDFGF,2.029269323783758,0,true
DFDDBBG,2.9463587581380484,0,true
CFDECGC,1.321180742043847,0,true
CFEDABC,2.4129494669624783,0,true
BCBECFD,3.05473510705699,0,true
CEBCCCB,0.0633274660707451,0,true
AGGAGGB,0.4105027879488188,0,true
AGFGDCB,0.6757738873865438,0,true
DEFADCB,-0.5195092693983923,0,true
GCCCAFC,3.156838328815893,0,true
BDEFAFE,1.5324607434423454,0,true
AFGABCE,1.3407035212499898,0,true
EDGCDEG,1.8144561899091105,0,true
EDCGFDC,2.317215426367741,0,true
AEEFBDA,0.5099138263338512,0,true
DAEFEGE,0.6819862914469228,0,true
AFEEDCG,2.201645283036967,0,true
BCADECE,2.682239646586507,0,true
EGGBGEG,1.0523613702893495,0,true
FEGEFAD,-0.1131073406828794,0,true
BGDFCFG,2.9221288306431434,0,true
FBEDCBE,2.1692095676186085,0,true
EBCCGBA,1.026960565604996,0,true
CDACBCA,-0.4227681399487625,0,true
ECGBGDB,1.1062430098187912,0,true
ADGCCFD,3.259495718091093,0,true
AFBCBDG,2.661054857594284,0,true
AADGGAC,1.18459525668764,0,true
DEADAEB,1.280071951371291,0,true
DGBECAA,-0.3099602383511219,0,true
BGCFDDD,1.220739710076224,0,true
DDECCDA,0.3601118460528733,0,true
FDFBCDG,1.8118667064878824,0,true
BCCACEA,2.0217009751215125,0,true
FFEDEDD,2.526961620885653,0,true
GEECCGG,0.6683828225432966,0,true
EDCABDG,2.520758160150357,0,true
FADDBFC,2.578329826866357,0,true
AAEFADB,1.8566696664451676,0,true
DBCFBGE,1.404845688104014,0,true
AEAFAAF,0.9465619032730164,0,true
BGBGCGB,0.4571086722995561,0,true
GFBEECB,1.5201293751981044,0,true
DCDDBDA,1.916719460807636,0,true
DDDBBCB,0.1107959562518124,0,true
FDCEEAD,1.5439630943953138,0,true
GBACCBG,2.826332145471374,0,true
DEFBGBG,0.5011312830428524,0,true
GFDEACF,1.0207932460745623,0,true
GBCCACD,2.064221390150343,0,true
CEGCGFE,0.2040253575722763,0,true
DGEEABA,-0.2374804651062825,0,true
ABEEDAB,1.4214459736625218,0,true
DEGCCGF,0.3385556764446984,0,true
ACEGDDF,2.271108329646637,0,true
GGDACFE,1.073342135448185,0,true
DEAFGEA,-0.6845364899305113,0,true
BEAEAFB,1.1685157038846397,0,true
GGFBGGD,-0.8655846031135204,0,true
GDBBFGF,0.4252002353081955,0,true
GAGFGDB,0.8694396454156259,0,true
EAGDDEA,1.492018892839731,0,true
GADAAGD,0.5751189835195836,0,true
BEEBEFD,1.6815106300493847,0,true
EABFDGE,-0.0871684373594576,0,true
DAGECGD,1.2736362800414067,0,true
DEGCCFC,1.9505603110609764,0,true
ACCEDGF,2.340161270510189,0,true
BEBFGFE,0.4909957148440106,0,true
EBGEEGD,2.613375803519447,0,true
AADDDCE,1.8090360821068836,0,true
BGFADFC,1.286269560186685,0,true
BADBFAD,0.3174090390546036,0,true
GBABGAE,-0.1632746786573667,0,true
DCGEAEG,3.094551803336018,0,true
FEBAEFA,1.0108128078150118,0,true
EGBCBAE,-1.0651126784974632,0,true
FAEDFGE,0.4235854118565207,0,true
CAEDFAC,1.565604686998293,0,true
EFDADCC,0.8357076028527688,0,true
DBECFFB,1.981164697341935,0,true
CFGFFGA,0.5822038577393376,0,true
ACGBABC,3.0699543152175583,0,true
GADCGGE,-0.9402008732472767,0,true
AFCECEE,2.50419392889544,0,true
CCFADCD,0.9861621415743836,0,true
BGGAACD,0.806591587952412,0,true
DCDBCDG,2.7973767590507497,0,true
FDFGEBF,1.6192849999008694,0,true
DABEGGE,-0.5298523439835271,0,true
FCFGAEF,1.5032410193406105,0,true
ECGEADB,2.050633113977068,0,true
ECDEDED,1.4084686703750973,0,true
DEFFBDA,-0.2261773403046015,0,true
FAEEDFE,0.3753325429170562,0,true
BGGBDAC,0.0844664706841752,0,true
EDGDDBG,3.173955878027176,0,true
AGAAGGC,0.4877849349404181,0,true
ECAEFDG,2.7047493827308715,0,true
CEGEEFD,2.455786477360234,0,true
EEGCGGG,0.3833887963352255,0,true
FFCDDEF,2.143316241696844,0,true
EDFGBCE,0.1851329670293362,0,true
ECCBBFD,2.6742328769169417,0,true
FDCBAFC,2.289461631334121,0,true
GCCAFGF,1.721877859140269,0,true
EAFEAFE,1.3863694414800314,0,true
GBGDCAC,3.347234821293851,0,true
DCCDFGA,2.152117506600548,0,true
GAGDDEF,2.121552348120161,0,true
BBCFGBC,2.5379228774335667,0,true
AABFBEG,2.9116238174296725,0,true
BACAFEB,1.4888063772736952,0,true
FAGCFAE,-0.4282550497037918,0,true
DBACGCF,0.6962494434287415,0,true
BBBEFGA,0.946984736088374,0,true
AEEABAD,0.2529169806711911,0,true
AFDGCFE,2.8417663342614,0,true
GFDAFAD,0.550265565148153,0,true
AFDACFE,2.632934768128244,0,true
DEFFEFC,2.4315201129111337,0,true
BBCBBGB,1.3951594492007553,0,true
EAEDGFC,2.420617139055738,0,true
AFACGGE,0.0417734918216332,0,true
CGFFGDC,0.4795027479265121,0,true
GCAGBAA,0.2356263122036646,0,true
CBAAGFF,2.0618818121630667,0,true
AEGBAAB,0.7046116480006797,0,true
DFBAGBF,0.6474998826649299,0,true
BFAFDGD,0.5637499782534665,0,true
FECFFCC,0.8913708451192529,0,true
FFGCBBB,0.4131067180551337,0,true
DEDCFGE,-0.9335256385013442,0,true
DFDEAFE,1.5499061396535838,0,true
CBFGFAG,2.380204192904636,0,true
DEDFFGA,-0.5489024551140278,0,true
GCEDEAB,2.39736067404565,0,true
GCFGCEG,3.0494203477444524,0,true
AAEEGAA,-0.1256582353368735,0,true
FEDBCBA,-0.4962115944718679,0,true
BEFCFCB,-0.31245063633786,0,true
GGDEGCE,-0.8730050694760887,0,true
GCFAEAF,1.7107954720349796,0,true
GCAGCCE,1.2584544497990835,0,true
EFEBBFF,1.339291759375561,0,true
FFABFBE,-0.0510886757053981,0,true
BBAFFBE,1.605031651388879,0,true
GADCBAC,0.1590784232875002,0,true
CBGCFBC,2.30752071343731,0,true
AFECEBD,2.3505545061272777,0,true
FCAACEG,2.461687191614684,0,true
FCFAEAC,1.619171251928098,0,true
CGCEBGA,-0.2413751029138409,0,true
GGCFBDE,0.6319950436033347,0,true
DECCGFA,0.3190680569662228,0,true
EEEAGEA,-1.030491853320259,0,true
EAGGFGA,0.4308123479161441,0,true
GAGGAEE,1.1013968189364929,0,true
EGGCAEE,0.1734908748782635,0,true
BGFCFCA,-0.6531348145952665,0,true
AEFCFAG,1.3184068331480847,0,true
GGDEBEF,0.3213067556266135,0,true
EBCEAGA,1.4939555225458503,0,true
DCGEDEE,1.159520258941631,0,true
CBBGAAC,1.9379842387475972,0,true
EDFCBAG,0.8779745018378098,0,true
DCDCGDB,0.6401828186872882,0,true
FAECDDB,-0.3443428168726879,0,true
BFFAEBC,2.237615371123602,0,true
ABGBGBB,2.128742690022536,0,true
DEBAFBC,0.7747741493917701,0,true
GGEGAED,0.584623348375989,0,true
BGEADCG,0.6906132351037588,0,true
GDFABBC,1.0538527054035902,0,true
ACBABFD,3.2024310440629606,0,true
BAGCFGD,0.7261039863083234,0,true
FBEFCAD,1.2682574013604238,0,true
CDABAED,0.9274722605078836,0,true
BBGFAEF,2.693395329019296,0,true
CFAGEFE,2.308629962491,0,true
ADGBFED,2.1719553822708004,0,true
BDFFDAE,-0.1689205954684949,0,true
DDBGAGE,0.3577051607402872,0,true
FBGECGB,1.5199567834732972,0,true
DAFCEFA,1.584505531731064,0,true
GCDFBFB,2.187617300871045,0,true
DDAGGDG,1.657977644802378,0,true
GEGGDFG,2.379910859481746,0,true
BEGABCE,-0.1896626948378423,0,true
FFBBECE,0.5648746950669656,0,true
GEEAEAG,1.2549802051323482,0,true
EGFEDAE,-0.9858252480644066,0,true
DADFBFA,1.1384992379590266,0,true
GCBECEC,2.3850770295813577,0,true
BEFDEED,2.3360118388449957,0,true
BCCFGCE,1.1610035724496708,0,true
EFDGGCA,-0.1409595278891406,0,true
CFFCGAC,-0.0742268991671759,0,true
DCBGBAD,1.083102751110022,0,true
AADCABA,1.0646970450043298,0,true
GDCCGED,0.8586984002938935,0,true
ECECGDG,1.6369328622514068,0,true
CGGGBGD,0.3504354811718149,0,true
GCDFFGA,0.6666330869509853,0,true
FFBBCGB,0.2166454834908575,0,true
ADCGFCC,2.8036508308017742,0,true
AFAAFBG,2.9225559437526414,0,true
FEDAFEE,-0.5200696047652501,0,true
GEEBBAD,-0.8575207598062551,0,true
BDFGBGD,0.5899309455171602,0,true
CEBAGGC,-0.3314655364504576,0,true
DEDEBBF,0.2456476023782879,0,true
DAEEBAB,-0.2500644068333097,0,true
EFGEEDA,1.8087385443107504,0,true
GAEDBCB,1.1124525007524872,0,true
GGEFADB,0.4424694878991676,0,true
BEEBFEG,1.0354351213327235,0,true
DDGGABE,1.1846905755235406,0,true
DFFGFDE,0.8398905925797302,0,true
CEFBAEC,0.5323299358402315,0,true
AGAEDAG,1.3599007571207833,0,true
DDAEABB,0.91897975111928,0,true
BCACCFC,2.838087648943749,0,true
AFGCABE,1.69109961889179,0,true
FDDBCFD,1.66843039420306,0,true
BFCEGBA,0.6847444395910645,0,true
DGDBEAG,1.36582345877771,0,true
ABGEAAA,2.024453919811556,0,true
AADBDEG,2.284517291808441,0,true
BGBAFEG,1.6237489322930645,0,true
GEFADEF,-0.0002464155453019,0,true
ACDFGDB,2.0322522403258043,0,true
BEAFGBA,-0.5722630875542465,0,true
ECAAGGB,0.241381192731842,0,true
DEEBBED,-0.232573049478443,0,true
BAABBFG,2.344545748071379,0,true
BBGDDDC,3.4897908013793817,0,true
AGFCCDF,1.5194318228968944,0,true
BEFCGFG,1.3624104969467732,0,true
GAFGCCG,2.141659368646264,0,true
CCDDFGE,1.6637080658427514,0,true
BAFBDEC,0.7793270480846562,0,true
GBEBGEB,0.6243454303321013,0,true
EGEFAEG,1.570448125852946,0,true
EFGDAFA,2.884852330053965,0,true
GGFEEAD,0.6582926894332639,0,true
BADDEDF,3.066228635241269,0,true
ABGCGAF,1.7009637697608846,0,true
FCDCBDD,0.880283047714107,0,true
FCABDCD,0.37802894180705,0,true
FAFFFGD,0.3076909041432518,0,true
ADBEAFA,2.3470651259420987,0,true
GDDBBCG,1.2821062758046715,0,true
EDEDFCF,1.7233790182542397,0,true
EAAACDA,0.7335618068395131,0,true
CFBABFA,1.1459601648254367,0,true
EEEFDEG,1.0470633621532233,0,true
BGABBBA,-0.5755058331160934,0,true
EEECEEA,0.0547206437971929,0,true
BFBEAFE,1.736573405667225,0,true
CGGBCFG,2.767557559383856,0,true
GBDDCEF,3.318232981594948,0,true
EFDAEBF,1.9506572689866497,0,true
GBBEBFA,1.9247608935785383,0,true
ECDBAGB,0.782294905771665,0,true
AGAAGBB,0.4983258897088567,0,true
GADDFGG,2.507030371760244,0,true
DFFFCCB,1.141525973422114,0,true
ADGDDEE,2.5333871664757344,0,true
AEFCGDD,0.5248715659889325,0,true
CAGFFAC,1.29567029921193,0,true
DEAGFGA,-0.6452035355094257,0,true
DCEFEDB,2.2550743221075384,0,true
ABAEGCC,2.194304538763875,0,true
EABDGFF,2.445655852495184,0,true
GGAGGGE,-1.051337049276209,0,true
DDFAFDA,0.4503273729682069,0,true
DFBABEC,1.2651568931036656,0,true
CGEGACF,0.3154704475334948,0,true
DGCDFGD,1.7075114215781442,0,true
EEAFCDG,1.9803663448411328,0,true
DCCFCCF,2.54426862159597,0,true
BEBGEBF,1.568631115138416,0,true
DDEFBCC,0.849678629554534,0,true
EADGDEB,0.6566613802554262,0,true
CDGCGFG,2.368375436302846,0,true
BDDGBCB,0.6315462278352245,0,true
CBACFBA,0.9151389542689768,0,true
CEBFFDE,0.2797431171998782,0,true
DFFGGFE,0.961160433270378,0,true
DAGBBDE,0.4671542996796107,0,true
CAEECBD,1.230334640233987,0,true
BECABCF,0.6191879939258468,0,true
BACFDFA,1.7506647823233608,0,true
ACADBGD,2.813264413130766,0,true
FCDCEBA,1.090894671896954,0,true
EEGFBEG,1.7517316744865483,0,true
EDBDBCD,1.793003824039371,0,true
GAGBFCF,0.8975073908185921,0,true
FFFEAEG,1.8087632844981172,0,true
BBFBFBC,2.0219216474342248,0,true
GABGEDG,3.06984521715568,0,true
DEDGBDB,0.2318974862482187,0,true
EBBFECA,2.043154301323723,0,true
FDFFABD,0.9923078970215374,0,true
BEGFCDB,1.315841058026891,0,true
EGDCAFG,2.109124595169791,0,true
GDFCAEA,0.1696823989461847,0,true
BEFAFDC,0.8413506994345756,0,true
BDBGFBC,1.758239768879109,0,true
CCFCCGD,1.16645560718641,0,true
DDDFFED,1.336741036714954,0,true
BDGCECG,2.711836101692504,0,true
GFGEGFC,2.0830959267767466,0,true
CGBFGBG,1.178946166262726,0,true
DGBBAAD,-0.1395779640505659,0,true
ECAABEC,1.6386230076624952,0,true
ECFECFE,2.265990587866979,0,true
GGABFCF,-0.0534776181564072,0,true
GGBFCBD,1.1629679269153743,0,true
AGBACFC,2.8993834657032007,0,true
ACAGBCA,1.4816967184333678,0,true
EFFEDBG,1.786310340286568,0,true
CECAAEF,1.133557943795367,0,true
ACEFDFC,3.2845797495933664,0,true
EDEBEBF,1.4539916936328556,0,true
DDDCEAF,0.960190359466613,0,true
BAAGFEA,0.5851388758562946,0,true
BDDCAGB,0.2414043060192325,0,true
BEBEEGC,1.1686948057050466,0,true
EFBCCBF,1.352508154305748,0,true
BDAFFGA,0.1552149880394071,0,true
GFEDGAE,0.2511197598167795,0,true
DCADCAF,2.3836697880721887,0,true
DGBCAGA,-0.795826145687124,0,true
FAAFBCE,-0.2859661367522582,0,true
EDBEFCB,0.742985844149679,0,true
BDFGFEB,1.0987661864498897,0,true
AEDFFAC,1.2097593003542737,0,true
GACABBD,1.3958024422832442,0,true
BGDEFEF,0.6822480853638109,0,true
CACFFBB,1.6371335729158727,0,true
CCFDGFD,2.936702212834541,0,true
FEGEAGB,-0.2071049466562795,0,true
EBBEFCB,1.553452675784964,0,true
CCFFGBF,1.2497868415468645,0,true
ABFABBD,2.514496038097166,0,true
ECCGDDB,1.9966968915035463,0,true
FCEFAAD,0.7640268745698093,0,true
CCDGDGD,1.002187722310451,0,true
EBCAGBE,1.392254469443608,0,true
GDCDFDD,2.903939281624037,0,true
ACFDGGE,1.8952578471770285,0,true
GDCCDAF,0.4616815131997525,0,true
FEBGAGA,-0.788199813664785,0,true
GGCFCEB,1.4315923005656666,0,true
CCGDFCC,3.1272622095178075,0,true
CFBCDDC,1.011344754570602,0,true
CCDFCDF,2.3232011142158,0,true
EDABGCB,-0.2694022896061716,0,true
BEEDACG,2.1388557836243685,0,true
CAAACAC,0.9483176030764504,0,true
DBBFEGA,1.7554397845662622,0,true
EAAFGCC,0.6174142855744368,0,true
BGDEGCF,-0.1895620402684629,0,true
BGEEEGA,0.0085192680630802,0,true
DDGGAFD,2.575634618563144,0,true
DEGAGBB,-0.0442423493783252,0,true
BFBFBBD,1.3551243117304288,0,true
AEDECGG,2.1206845126865925,0,true
AABAGDC,1.7678086673209987,0,true
GFAEAEE,0.6613889180083047,0,true
DFBDFAB,1.4695607742495935,0,true
GDBBBBF,0.7118405062779919,0,true
DFFBCBA,0.5586118889325377,0,true
CECFFEG,2.218295249274293,0,true
GEEGFCB,-0.1255553853611974,0,true
GBECDAA,-0.2379505446051817,0,true
BCFAFCD,1.4322745709290532,0,true
ABBCDDE,1.7890744126096114,0,true
AAACADC,2.03529007394688,0,true
CADBFFB,1.391539802846674,0,true
GEBBDDG,0.958061310184962,0,true
BCEAGCF,0.6590677887217322,0,true
BEDGGAB,-0.7215440038223304,0,true
ACACDFC,2.942034658538881,0,true
FBAGADG,2.7699737698488383,0,true
BDEFFGC,0.9539919249207603,0,true
DBBDDBF,2.7200339748838767,0,true
AFEAFDE,1.3671501930850272,0,true
DGFFFEE,0.1168758034225008,0,true
BBFCDAC,0.9901347036041076,0,true
AEFGECA,1.2676549808440578,0,true
DAADDCC,1.67957164125867,0,true
FBFGBBC,1.708239735676233,0,true
ECEBDDE,0.4299489461451555,0,true
GAGAGAF,0.1687447633938197,0,true
FBEDACA,1.5286517777529265,0,true
CAEDBBA,0.9933860623614372,0,true
EBAEBBB,1.442156183551758,0,true
ABDEGBD,2.29027320911493,0,true
AAEAGGF,0.5718779742395215,0,true
FAFGCFB,1.687527134453998,0,true
EFAGDFB,1.5422421743593198,0,true
AEFDFEB,2.113258673225349,0,true
FFDAEGC,1.281648790620743,0,true
DAGEGDB,0.7094338329972757,0,true
ECAGAEC,2.173127116658898,0,true
DFBFGAA,-0.4144413065438019,0,true
EGECCEG,1.3287218953245965,0,true
FACECEE,1.086791586129984,0,true
FDADBED,1.512490425462962,0,true
BFFADFE,1.097908642516961,0,true
BCBBDAG,1.582810464045,0,true
AGAEDBA,0.3753078325681565,0,true
AAFGBGA,0.6172737526987312,0,true
CEEEBCA,-0.9135790898323508,0,true
CFCFCBF,2.3615510699741376,0,true
EGFAADA,-0.0100899593185899,0,true
DDCAFDE,1.2291466873599617,0,true
BECGCFE,1.9260496664758389,0,true
ACBCCFC,3.7779154128029706,0,true
CCBBAGC,1.3617627697275794,0,true
AEBEAAE,0.3602969378614299,0,true
DEFCGDE,-0.9588643030095936,0,true
DEAEBCD,-0.0908779607384656,0,true
CACGBFF,2.4211723054363903,0,true
EGBBGBB,-0.4178296557282199,0,true
GBACBAA,0.0228344161635449,0,true
FFEAADC,1.016601694176222,0,true
CDFFABE,0.7991786458093314,0,true
ECCBBEC,2.120449946823667,0,true
CCGBGFC,2.322022896232636,0,true
EFEFEBG,2.895762854050853,0,true
BCFGADG,3.0110603116857115,0,true
AFGCCCG,3.157561381397488,0,true
CCEDEGA,2.085559667424069,0,true
CFEGECA,0.9618799992487272,0,true
AGEEFAA,-0.0396299310747592,0,true
ACBCCCE,1.8476752694584464,0,true
DDFCECF,1.242635856860785,0,true
ECEEEGC,2.023002805767677,0,true
BCDDFGC,2.59454585201042,0,true
EABAGFE,0.779932724268768,0,true
DBFBGAD,0.4419442142542744,0,true
GEBGECC,1.44366903491736,0,true
FGBDAGA,0.1877725973933384,0,true
CBABBBF,1.399595338236169,0,true
FFGGFDC,1.7384317220879504,0,true
EDBEBFF,1.8351831270924608,0,true
GADDBGF,1.3312365597458762,0,true
CAGEDBC,1.3935851184401649,0,true
DGGADDC,0.8931834007788964,0,true
BAGFGDB,0.9853147927979834,0,true
CEBGFBD,0.7452804246025424,0,true
CECFFDB,1.1359944162549034,0,true
AEDFGED,0.9773593676583134,0,true
FDDFAAG,1.3418508217476697,0,true
DBGDBGB,2.346791621896922,0,true
DDGFEAE,1.2582557807820622,0,true
BBDBFBA,1.1299496275304226,0,true
AGBDCAA,1.620683305276169,0,true
FFDEEEB,1.355810391756832,0,true
FBGAEGB,1.871228589974864,0,true
CGDGFFG,2.4752149117380844,0,true
DGEBDDA,-0.852259048453666,0,true
FAADFFA,1.8043809914167137,0,true
CEABGBF,-0.4249898399625662,0,true
DDAEBBC,1.1144727068122309,0,true
FAAAAGG,1.0540535081709563,0,true
BDGFCGG,2.5361839212352755,0,true
ECFBDCA,0.1110319492116244,0,true
GCGCCFD,2.909173833048682,0,true
DACAEAC,2.033473401561619,0,true
AFGDBBD,3.3051658570156297,0,true
BGFFDAE,-0.7483264319241385,0,true
GEFFGCF,-0.2813108324485851,0,true
CADDCGD,1.949706951598122,0,true
GACEEGD,1.926209794842952,0,true
AFCCFEE,1.848082149053948,0,true
BGGBFAF,0.167308995696444,0,true
DAAEGFC,1.5011157823520382,0,true
EBAEECE,1.8348918159149936,0,true
FFEDECD,2.151976309118476,0,true
AABAFDC,2.360938628993514,0,true
GGGDDED,1.630815818021369,0,true
GGAEDCF,-0.1389535085802379,0,true
ACFFDEF,2.364299345257064,0,true
GGAABFC,1.2674676803498572,0,true
AAGEEAA,1.810809609516619,0,true
FBEGFAB,0.6470827609299599,0,true
BFDBFDC,1.433680710127252,0,true
ADGEAGC,2.2521250077770887,0,true
DDBCCCE,0.3910957735036091,0,true
EAEDFBA,1.258237659221793,0,true
DAECGDG,0.9694699034525368,0,true
EGFGCFA,1.1636817404262465,0,true
BBGAGEB,1.5371646193432866,0,true
DAEAGFB,0.7629142504379528,0,true
EACGBGD,1.118605360026153,0,true
AAABDBA,0.6117557080012033,0,true
BCEABEF,1.2858117319991664,0,true
FFCADDG,2.072193772762642,0,true
DADAEBA,1.091671410977332,0,true
DFDCEAE,0.4657107527301618,0,true
EEAFFBD,0.6422459191967274,0,true
AEGDADD,2.9843067890838477,0,true
DCGFCGB,1.805775090393246,0,true
GEAAFAG,0.6549686149607321,0,true
CBFBCDC,2.355696813777227,0,true
GCACCEG,2.56894803366142,0,true
FCCGDBF,1.7413748387010783,0,true
BDDFFDD,1.5416256706307814,0,true
DCCCACG,2.732189358230113,0,true
AGFEFFF,2.227650021587701,0,true
CCGGCAA,1.2816149283088998,0,true
AFBCCAC,1.865870052574155,0,true
FAEDAFB,2.1625987902502763,0,true
BFFABED,0.9822001915296013,0,true
DABACDG,2.4497229431594,0,true
DFABCBC,1.493120074035457,0,true
DFCFDDE,1.1807213263753993,0,true
AACBFCD,2.0622538462042206,0,true
FGGADGD,-0.3602633329323569,0,true
CAFBDEC,0.6893442911311716,0,true
GBCEFGC,2.3161697647067894,0,true
ADACDCG,1.953313390585964,0,true
CGDAEDG,2.3017166041357635,0,true
AEEEDFD,1.6375250524847975,0,true
AAGCBCG,2.4359560531516644,0,true
AFABBAB,0.6741985959074264,0,true
FEBAGBG,0.4668776412201187,0,true
DGAAGGD,-0.6689399449985387,0,true
EECFADB,1.2363861912688263,0,true
AEBAFEC,1.6708830929855636,0,true
GDEBGGE,-1.0338234690179502,0,true
FEBBBCB,-0.849377859858476,0,true
BGDDBDC,1.837614881970948,0,true
FCEGCCG,2.2421171230656998,0,true
EBAAGFB,1.8337888755013012,0,true
CACBBBE,0.6344226042333928,0,true
CAECFBE,-0.0097101487443816,0,true
BCGEBDC,2.3163234121179874,0,true
BDFGDCD,0.7281998285678366,0,true
AFECGDE,0.5163697059634504,0,true
ECBGAFE,2.2915814277212765,0,true
CBEAGAB,0.2359249910489592,0,true
GGEEGBF,-0.2433011883463356,0,true
EDDCDBD,0.530420862465198,0,true
EAGGGGD,0.529258773770056,0,true
BBFEFAD,1.4143074440125525,0,true
EAGCDAE,-0.3737955496747901,0,true
BEGDABF,2.084107056479435,0,true
GGABBFA,0.1156300534042747,0,true
CAADDBA,1.0320440430374735,0,true
EGFGBFE,0.695112244704033,0,true
CEDCBGG,0.3383004197835351,0,true
EFGGAED,1.8764000871418176,0,true
FEGGDFB,0.83639351115914,0,true
ADDACAG,2.629785005299777,0,true
FBEBDGG,1.147027795877663,0,true
GEFFEGD,0.8285849443325152,0,true
AADGDBC,2.0429415112806897,0,true
FEABACE,-0.991999237759197,0,true
FCBDGDB,1.701869341672983,0,true
BFFDAFA,2.5251565434381504,0,true
CFFGECG,2.7315305823462697,0,true
EGDEDBF,0.2596149867825132,0,true
FFACDFG,1.843776891173725,0,true
GGGAABA,0.2815141332712414,0,true
FDEGCCD,0.7709779846245937,0,true
FCCGGFC,2.58467273072139,0,true
EGDCAEC,0.6409791627285976,0,true
CDAGGGG,1.0522566890931029,0,true
DFGDBED,2.401669080886124,0,true
FEDADEG,0.6220962343183603,0,true
CCFGDFG,3.1987413241857983,0,true
AADFABB,1.984296515828734,0,true
EFGBFAG,1.6803333944524628,0,true
DECAEAC,1.439723013361087,0,true
CGBDGGB,0.332172942184624,0,true
CCDECBD,2.0796535362955466,0,true
FCEEGDB,0.3727027970789793,0,true
BGEGDGA,-0.9558264617344528,0,true
GDCDFCE,1.9450209607199835,0,true
DEBFBAF,-0.130309109345899,0,true
FGGDFDD,1.7183392707341751,0,true
BBCBGEA,1.1477752978923224,0,true
FAECBGE,-1.1772865423485284,0,true
CGAGCFA,1.1299061034199154,0,true
EBEGECF,2.3942552305155296,0,true
GBFCDBG,2.1530460038140795,0,true
ECGAACF,1.8562115907416656,0,true
EDBCFDD,1.0572495463111786,0,true
DGFCBGA,-1.2561128561555364,0,true
DEFBDCD,-0.4586050102613499,0,true
DFGCEDD,2.1369677000921703,0,true
GDFDFCE,1.2738450247177795,0,true
BCEBFDA,0.7486325826047586,0,true
AADCGDB,0.9109048634105074,0,true
BAEEDAC,0.2686170877849508,0,true
CDEBDDB,0.1730764262044388,0,true
GFGCEAE,0.8317818328200628,0,true
GFEBCEF,1.0591218783823544,0,true
DGGDFDG,3.0049088018518404,0,true
AGGFAFD,2.921816112163799,0,true
DACEDDA,0.76038402015949,0,true
DAAEADF,1.1871651547808817,0,true
EFFGDAB,0.12787539763569,0,true
FBEAFDG,2.330814372484894,0,true
BCGCAFF,2.758143521870914,0,true
BCDEADA,1.3201308060136494,0,true
CCCBCFA,2.539083948996762,0,true
AEEFEED,2.0999843093016968,0,true
DAFCCBA,0.3589081286912648,0,true
AGFDGBC,2.1316368571670177,0,true
EDFCBDC,0.9344912164284804,0,true
FCAAFBA,0.5282955262512696,0,true
GEEAEDD,1.0545748996457114,0,true
DCAGBBB,1.29160084784687,0,true
CEABBFE,0.1625170914325674,0,true
AGGCDGG,1.5684585325978968,0,true
ECDBCAC,1.4643612235792969,0,true
AFBDFGF,2.7068814972756066,0,true
EFGEGAD,0.4434947124093831,0,true
AECBAAC,1.4670599534952982,0,true
DDAGGFB,1.1937714663387329,0,true
BDBABGA,-0.1758628405372575,0,true
CGAGFBC,0.940246785364,0,true
GFCFBAG,2.0688274697713087,0,true
GFCCEAA,0.9654212613689332,0,true
GCEEFDF,1.5786224774145738,0,true
BCGCGED,1.290067376831018,0,true
EEBFEEF,1.5205243266172408,0,true
GBGADGG,2.308883205002288,0,true
FDBCABF,0.6182903755382274,0,true
DBBGDFB,2.389842977351329,0,true
FBECBAE,-0.3841550436650836,0,true
BBAECCD,2.070435798362766,0,true
DAAGFEA,0.4765593897478862,0,true
BCDEEBF,2.571857535074496,0,true
FDEBBCA,-0.9089820624886014,0,true
DDCFGBD,1.361954539612566,0,true
FGEEDCD,-0.6372212194868085,0,true
GFDEDCD,0.6004223404765792,0,true
DGBBDBB,-0.2192115101173289,0,true
CFCGCGD,1.8204252737664604,0,true
EGAAAGF,0.0268133935312147,0,true
DGEFBFB,0.8384924086730333,0,true
CEGEBBA,-0.0376001873177566,0,true
GEAGECF,1.021777497422463,0,true
DEFGDGG,0.6185959044645504,0,true
DEABGAB,-1.3128108856064902,0,true
BFFDCGA,1.4369793874593058,0,true
FCBCCEA,0.7467021663972575,0,true
BFCAGEB,1.0410688697352397,0,true
DBFAFDE,1.3684375829930429,0,true
EDCGBBF,1.7062508650844228,0,true
ACEBGCE,0.6793840613078576,0,true
AFDGCAG,2.9117048465217503,0,true
FCDECED,1.6851558621030196,0,true
CBDGDEG,2.6982529572572465,0,true
EEFGGGC,-0.2374627234169516,0,true
GAEEBCA,-0.3457210920606918,0,true
AEEFDEB,0.7298780975276246,0,true
EADGDAE,-0.2806801994564234,0,true
ABEBFBE,1.808578298750085,0,true
AEDEFEF,1.386822728326921,0,true
EEGCECG,1.97558419199876,0,true
FBBFECB,2.059898037941074,0,true
AGGFGCA,0.4671182883261088,0,true
EFBFEDA,1.6807610565444322,0,true
EAGBGFA,0.764229087995987,0,true
DGACDFC,0.9060493261284,0,true
CCDGBBC,1.90187968575874,0,true
BECABEF,0.8978681578856051,0,true
CFEGFFF,1.9767433126998888,0,true
AEBCCFF,2.2817970620750923,0,true
ACEABBE,1.5131611401949956,0,true
ADBFDDE,1.470874142751193,0,true
ECADEGB,2.682399461699504,0,true
ADBDDDC,3.17526838203872,0,true
GGDGGGA,-1.0884638174650116,0,true
FEBBEFB,1.2348064975207014,0,true
AGBABCB,0.7126199789048988,0,true
EEAAADC,0.8377694949941987,0,true
FADGBBD,0.6250730926183311,0,true
AAFFEAF,2.2234292143599537,0,true
ADEGADE,1.583499844637773,0,true
CAAADCG,1.2574536062830568,0,true
DEEEDCC,-0.094740901429885,0,true
AGBADEB,0.8802366528183119,0,true
EFBEGAG,1.0625782532986845,0,true
ACGFDEA,2.1189812141060287,0,true
ECFDGDF,2.2257226976652853,0,true
CGEEAFF,1.263338558166186,0,true
EAGFGBF,1.0703845699777332,0,true
DGCEGAF,-0.0224638631687048,0,true
CGDAEFC,2.3586759242283155,0,true
GFFGAFG,3.125896605662146,0,true
CBFBGDB,0.91025466179159,0,true
CEGCGCE,-0.885359756558064,0,true
AGFFBAG,1.652255943360243,0,true
AGFECED,1.764456890485652,0,true
AAABEAD,1.787848863501094,0,true
EGFCFDF,0.3268644149387605,0,true
ACGGGGC,2.276682325187004,0,true
DCGFEDG,4.027285125221327,0,true
DACGGGD,0.7321594370480374,0,true
DCCDFGD,2.843693894126976,0,true
CGECBFA,-0.0625103329964471,0,true
BEDEEBF,1.3490263317355335,0,true
DFCEADB,1.7698454162506787,0,true
EDCFFGG,2.3761226939688034,0,true
ECAGCBF,2.154074216786355,0,true
BEECABD,0.1510615896538548,0,true
CEEGGDG,0.8607983359891458,0,true
FDECBBD,0.0106570991582271,0,true
CCEEDDG,2.179112825101789,0,true
DFDBEAF,1.0875899406626433,0,true
GFGCGEF,0.6741387411326807,0,true
EFABEAA,0.3802442139075163,0,true
ECEEBFE,1.5260660205320182,0,true
ABEGFEF,2.7846230497825,0,true
DCBDADG,3.926418673450461,0,true
DCEFCDD,2.100731431449355,0,true
DDDAFEG,2.0164875027350666,0,true
ADEEBCE,0.7413249865097,0,true
ACFECDG,3.9113070131898207,0,true
FCEBGAC,-0.0907426832034591,0,true
EFACDBD,0.532992527353267,0,true
ADCBABE,1.9136054568486076,0,true
GDGABCE,0.3605167250255744,0,true
BACCDCF,0.8442243666309723,0,true
GABBCFG,2.953487864906766,0,true
ECFFEFD,3.435811439833228,0,true
FFFFAAF,0.4276850794770264,0,true
FCAEEDG,3.0438932711946824,0,true
GDDCEBG,2.50496829317391,0,true
CGGGBCB,0.3355243757899465,0,true
ECFDCBD,3.0737532468667714,0,true
GFDFFEC,1.659455670607129,0,true
CBBAEGF,2.2146317376081988,0,true
EGDAEFC,2.378461338733832,0,true
EFGDFAE,1.4835323487106638,0,true
CFEEEDD,1.8869246950446823,0,true
EDEDCCA,1.3793144497963452,0,true
DCBCBFE,1.461044649615373,0,true
BEEECCG,1.3585554311072436,0,true
BACEFCB,1.2774407759494435,0,true
FEDADFF,0.5020735548294152,0,true
FADDAFE,2.0631473405154197,0,true
EEDAAAA,-0.75416949927007,0,true
GFEFAGD,0.7348893930583194,0,true
ADBFBDC,2.4227926620117226,0,true
AEAGACF,1.2597493181724708,0,true
GGCCAGF,0.4086512216507839,0,true
BGDDEBB,2.218637395124025,0,true
AFAGCGC,2.2733872660474743,0,true
AABDFEA,2.414290319983509,0,true
FAGAGFE,0.6646225132971988,0,true
FBDFBGA,0.3103457326424448,0,true
EDGDCAC,2.582445794592955,0,true
DBCFCEC,3.349926128486742,0,true
EFGFDFA,1.5845770870710305,0,true
AGDFDCE,0.4383952146231396,0,true
FBEADDA,0.3687458102093633,0,true
EBDABED,1.705907793328033,0,true
GACAFBF,1.6245034973264754,0,true
EFAEFFE,1.4371653126048685,0,true
BEFCFGF,-0.3139046582676004,0,true
EFFEDFF,1.662593744529767,0,true
FEBGEFC,2.1681427815519023,0,true
ACBEEGF,2.9094622354083333,0,true
BGDFEDB,1.447709416590245,0,true
FGDEDFE,0.0884689664297844,0,true
GAGFFGC,1.3594174207801402,0,true
GBACGEG,1.8983615757740775,0,true
EGEDAEA,0.8280484460519427,0,true
DDFCGBA,-0.4930643456929324,0,true
GCEGCAF,1.3373289758078657,0,true
FDABCDB,0.6192705031602587,0,true
GAAGEGE,0.7986276307007052,0,true
BCFBAGB,0.7959658605197009,0,true
AGFGGFF,1.7760370634128348,0,true
ADGAEEE,2.5410946533697687,0,true
AAEDDBB,2.190861612069355,0,true
GAGEGGB,0.0778204868591277,0,true
FDFGDFB,1.0725549493411313,0,true
GAEEGEF,0.2601065527962093,0,true
FDDFFCA,-0.0057225435409787,0,true
BBFCGBB,0.8533148810982986,0,true
FFCADEC,1.3184481426846115,0,true
ABBGAGF,2.635542734062489,0,true
FDEBAAE,-0.8146380263299084,0,true
FBFCEAC,1.6152109220211344,0,true
GACDAAF,2.1819191389143118,0,true
DDDECBD,1.5042801710474352,0,true
GCFEFGG,2.0487441154330988,0,true
EFDFFGA,0.2286225308810031,0,true
GBFGCEC,2.645670061015939,0,true
CBBFDAF,1.2537455286437391,0,true
BDCCDDC,1.5648010048323082,0,true
EDABDEC,0.7674436621811147,0,true
FBEEEAE,0.9356092876683212,0,true
FBEFCFE,2.112681391447992,0,true
ADDDGEA,1.815376757451003,0,true
EDAEECD,1.6083579934165857,0,true
AEEAFCG,1.751317550468054,0,true
FAGFEDF,2.0952696516536222,0,true
FBDAEBD,2.29381178041454,0,true
FECFGCF,0.024953736057821,0,true
BCBEDAB,0.6748582651955459,0,true
GCGBBBC,1.837183251218713,0,true
FFEDBCB,0.8929335873907488,0,true
CGDEBAA,-0.9456641632131952,0,true
AEBDGAE,0.7174012994461489,0,true
AFEBCBB,1.7220359646185277,0,true
ABACCEE,2.231441238854321,0,true
EACCABC,1.7664242847091265,0,true
GBAGAAG,2.4209279404833546,0,true
DBDDADD,3.187658586739408,0,true
CEFACEC,0.9862094864305964,0,true
GABGCDD,1.736896345670688,0,true
FBGEBEF,1.7196347975855946,0,true
FEBBBBB,-0.5670037796308616,0,true
CGDEADD,0.7855419640377609,0,true
FFBBAFE,0.9851331088117156,0,true
FEFBDGE,-1.6640774212649954,0,true
BFADGDF,1.7982414566080689,0,true
FFGDAAG,2.651845048273679,0,true
ECEABAF,0.5979623404973348,0,true
AFDFFFA,2.428760734309575,0,true
FGFAGCC,-0.5209023580931416,0,true
GCEABAA,-0.1229267246518727,0,true
FEGGADG,1.737335722532377,0,true
GBFACCB,1.6369928323668272,0,true
EDCDCBB,2.923909068296898,0,true
EEFCDDD,-0.0995488609409465,0,true
DBFBBDD,1.503965190433232,0,true
GGFCAFA,0.4009815126611231,0,true
CGEGBCG,0.9205255343297754,0,true
FFGCACF,0.7042835318580472,0,true
BAFBDEE,-0.0615279811295279,0,true
FEADFGA,-0.1280868840111804,0,true
DAABAAG,1.1332818056017726,0,true
GFGGEBE,1.9196098897239988,0,true
GDEBDFE,0.5418943074807423,0,true
FGDGBAF,-0.5197396574253978,0,true
ECFEFAB,0.8261764275435963,0,true
CFDFAEB,1.2447889229882114,0,true
CBCBBDD,2.19373785559036,0,true
EGAACAC,0.4610013601715652,0,true
BCABFGE,0.381679746852492,0,true
AAFCECF,2.070134537677192,0,true
BEDCEFC,2.1043594249426074,0,true
CFEDFGD,1.5437146330521276,0,true
AACGFGA,1.5335158710557746,0,true
CEADCGB,1.0211964747179525,0,true
BCEEDEG,2.1727904342478546,0,true
CDEGEAG,2.1557587289401514,0,true
CDEBGFE,0.3307864086382847,0,true
CECEGAE,-0.6580837466291799,0,true
BFAEEBE,1.450084682044109,0,true
FCFCAAF,0.4191068787045303,0,true
DFCFFFF,2.8188186829650155,0,true
ACFBGCC,1.6839507837452383,0,true
GDGEADC,1.969344171505689,0,true
ADCEGCC,2.069003865631609,0,true
EDCGABG,2.9626510376071966,0,true
GADDDFC,2.8321777043158094,0,true
DBDDBDE,2.278053034739284,0,true
GDDEFCC,1.1403857578662546,0,true
DADFDCD,0.6296270213087681,0,true
BGGAADD,1.1815768997195892,0,true
AGCCGGB,0.3941350694381788,0,true
CAADFDA,1.4807849469782213,0,true
ECAGDAG,1.776179516966054,0,true
BCGFDDD,2.1156393756866345,0,true
FCBGEBC,2.5839629509881386,0,true
CGDCEAD,0.415746379477502,0,true
BGACEDB,0.8849262446126306,0,true
GFGFFDA,1.1806291521746632,0,true
CFGCGBD,0.7200901751410186,0,true
CEGFAEE,0.5593232913594837,0,true
BDCFCBC,2.651732699227721,0,true
EDDGFAF,0.7153215338152721,0,true
EFAGEDA,1.5063721962438017,0,true
ECBDFEF,2.857161679135548,0,true
ACADGED,2.99321317086987,0,true
AFCFCGE,2.143482865530959,0,true
AECBGEF,1.1376885329793225,0,true
GBDDDDA,2.052050505029438,0,true
CCBFDCC,1.6123143655846623,0,true
CDEECGB,0.5066888874757034,0,true
CGFGBAC,0.0878248601882563,0,true
GABFAGC,1.1447448198299297,0,true
FBFACEA,1.1234287197832502,0,true
GAGFGGD,0.5093654390303171,0,true
FCFCBBE,0.1472124193377346,0,true
GDCFDBE,1.0077261584730703,0,true
AFFCDFA,1.5238381124315905,0,true
FBBEBGE,0.3287754172449292,0,true
FDGBGBC,0.5674314683120518,0,true
GFGGFFA,1.8692444843431768,0,true
AFEGFBF,2.0509384095038885,0,true
BBDFCDC,2.940161214100298,0,true
FBDAGAF,0.3132376652146991,0,true
AGEECFB,2.147206668954148,0,true
BEDEBGD,-0.1611142375263309,0,true
GBADGEF,2.32343971796476,0,true
GGGGGDF,0.5844318689778562,0,true
BBAFECF,2.63995851388053,0,true
GGAGFEA,-0.037837928936464,0,true
CGBDEGA,1.2477030557035995,0,true
EDBCECF,1.41563216812639,0,true
DEFFGAE,-1.1805549380940086,0,true
FCBBEED,1.911176229167972,0,true
DEACFAG,0.4046137507856202,0,true
EGFCCBE,-0.002168006669146,0,true
DACGDBG,2.4152286819919224,0,true
DBGEGAG,2.05685362764333,0,true
GEGAGAG,0.5057220048528148,0,true
AAGFCCB,2.325829508213487,0,true
BGBDEEC,2.814196757317599,0,true
CCECAFE,1.506988060805181,0,true
AAGGEEE,2.677622040457682,0,true
FCCEGBE,0.7952896641068306,0,true
ACEACFB,3.216074578867472,0,true
FAGEFAD,0.4806430475176527,0,true
GCFFDCB,0.9306423089944263,0,true
DGBFCCF,0.8715243806501005,0,true
BEGAFAF,0.2839994842481609,0,true
ECEFGDD,1.2148369216803552,0,true
ECCEEAA,1.819752515392261,0,true
FGAEEAD,0.2793910994366509,0,true
DDDBCCF,0.9348871815308576,0,true
